ADBE,2019-05-06,286.7,289.4,2082817,0,0
ADBE,2019-05-07,284.78,287.63,2607057,-6.8,-2.344
ADBE,2019-05-08,289.08,277.51,2626969,-0.3,-0.1103
ADBE,2019-05-09,285.99,281.3,1925138,-1.02,-0.3587
ADBE,2019-05-10,280.36,285.94,2110896,2.72,0.9844
ADBE,2019-05-11,280.36,285.94,2110896,2.72,0.9844
ADBE,2019-05-12,280.36,285.94,2110896,2.72,0.9844
ADBE,2019-05-13,274.21,275.3,2737400,-11,-3.975
ADBE,2019-05-14,271,283.45,2125195,4.18,1.56
ADBE,2019-05-15,279.96,288.57,2812754,5.19,1.8638
ADBE,2019-05-16,279.99,291.21,3441043,6.88,2.4894
ADBE,2019-05-17,288.72,280.58,2324896,-3.7,-1.3051
ADBE,2019-05-18,288.72,280.58,2324896,-3.7,-1.3051
ADBE,2019-05-19,288.72,280.58,2324896,-3.7,-1.3051
ADBE,2019-05-20,279.5,287.52,2462575,-4.4,-1.6104
ADBE,2019-05-21,278.43,287.81,1847374,2.67,0.9624
ADBE,2019-05-22,288.29,282.04,1599888,3.83,1.3748
ADBE,2019-05-23,290.94,278.15,2809071,-7.62,-2.703
ADBE,2019-05-24,279.99,276.82,1881433,0.54,0.1986
ADBE,2019-05-25,279.99,276.82,1881433,0.54,0.1986
ADBE,2019-05-26,279.99,276.82,1881433,0.54,0.1986
ADBE,2019-05-27,279.99,276.82,1881433,0.54,0.1986
ADBE,2019-05-28,287.97,287.45,2586016,3.54,1.3089
ADBE,2019-05-29,288.59,274.02,1830416,-5.1,-1.8238
ADBE,2019-05-30,274.81,280.9,1656766,1.15,0.4217
ADBE,2019-05-31,273.67,281.4,2636911,-3.66,-1.3151
ADBE,2019-06-01,273.67,281.4,2636911,-3.66,-1.3151
ADBE,2019-06-02,273.67,281.4,2636911,-3.66,-1.3151
ADBE,2019-06-03,279.34,259.95,4075457,-12.35,-4.502
ADBE,2019-06-04,274.66,273.37,3838171,9.96,3.82
ADBE,2019-06-05,279.6,275.13,2697501,4.27,1.5517
ADBE,2019-06-06,287.21,280.2,2320147,2.03,0.712
ADBE,2019-06-07,281.3,289,2778842,3.36,1.2241
ADBE,2019-06-08,281.3,289,2778842,3.36,1.2241
ADBE,2019-06-09,281.3,289,2778842,3.36,1.2241
ADBE,2019-06-10,286.1,291.96,2514137,2.28,0.8021
ADBE,2019-06-11,286.04,285.49,3041664,-4.52,-1.5666
ADBE,2019-06-12,285.16,277.07,1372382,0.88,0.316
ADBE,2019-06-13,286.98,286.6,1699191,-0.54,-0.1955
ADBE,2019-06-14,279.25,277.67,2328822,-2.09,-0.753
ADBE,2019-06-15,279.25,277.67,2328822,-2.09,-0.753
ADBE,2019-06-16,279.25,277.67,2328822,-2.09,-0.753
ADBE,2019-06-17,286.25,284.3,2296444,1.37,0.4881
ADBE,2019-06-18,286.98,277.18,4647028,1.21,0.4458
ADBE,2019-06-19,301,299.44,9999734,15.09,5.4583
ADBE,2019-06-20,303.45,307.72,5795246,11,3.888
ADBE,2019-06-21,308.19,311.83,4147731,-2.87,-0.9304
ADBE,2019-06-22,308.19,311.83,4147731,-2.87,-0.9304
ADBE,2019-06-23,308.19,311.83,4147731,-2.87,-0.9304
ADBE,2019-06-24,306,307.23,2905923,0.56,0.1826
ADBE,2019-06-25,310.23,299.14,4645173,-12,-3.999
ADBE,2019-06-26,302.12,290.34,2998268,0.78,0.2664
ADBE,2019-06-27,303.11,293.98,2723453,4.64,1.6255
ADBE,2019-06-28,303.2,302.47,2750902,1.45,0.4941
ADBE,2019-06-29,303.2,302.47,2750902,1.45,0.4941
ADBE,2019-06-30,303.2,302.47,2750902,1.45,0.4941
ADBE,2019-07-01,307.4,307.09,2742020,6.53,2.2428
ADBE,2019-07-02,311.85,309.38,1854343,0.44,0.142
ADBE,2019-07-03,303,314.6,1610929,4.38,1.44
ADBE,2019-07-04,303,314.6,1610929,4.38,1.44
ADBE,2019-07-05,313.33,316.4,2998171,-1.75,-0.58
ADBE,2019-07-06,313.33,316.4,2998171,-1.75,-0.58
ADBE,2019-07-07,313.33,316.4,2998171,-1.75,-0.58
ADBE,2019-07-08,316.95,305.63,1931114,-1.09,-0.3562
ADBE,2019-07-09,313,318.7,1715592,1.32,0.4272
ADBE,2019-07-10,315.2,318.69,1976211,2.82,0.9312
ADBE,2019-07-11,308.03,321,1987423,0.63,0.211
ADBE,2019-07-12,323.09,324.23,1642917,1.9,0.6158
ADBE,2019-07-13,323.09,324.23,1642917,1.9,0.6158
ADBE,2019-07-14,323.09,324.23,1642917,1.9,0.6158
ADBE,2019-07-15,318,315.86,1210496,-0.68,-0.2232
ADBE,2019-07-16,317,318.2,1844579,-3.15,-1.032
ADBE,2019-07-17,320.92,316.98,2399861,3.72,1.2438
ADBE,2019-07-18,311.91,317.23,1645639,0.69,0.227
ADBE,2019-07-19,320.04,313,2133924,-3.27,-1.0858
ADBE,2019-07-20,320.04,313,2133924,-3.27,-1.0858
ADBE,2019-07-21,320.04,313,2133924,-3.27,-1.0858
ADBE,2019-07-22,315.93,318.89,1385447,1.72,0.5525
ADBE,2019-07-23,319.64,318.81,1872648,-0.68,-0.2267
ADBE,2019-07-24,312.2,312.94,1506591,2.4,0.8001
ADBE,2019-07-25,322.37,320.02,1378903,-1.61,-0.5158
ADBE,2019-07-26,313.3,314.19,1516660,2.62,0.8555
ADBE,2019-07-27,313.3,314.19,1516660,2.62,0.8555
ADBE,2019-07-28,313.3,314.19,1516660,2.62,0.8555
ADBE,2019-07-29,323.39,317.98,2887456,-4.1,-1.3186
ADBE,2019-07-30,316.34,310.98,2249678,-3.64,-1.1912
ADBE,2019-07-31,306.28,306.33,3191879,-4.88,-1.628
ADBE,2019-08-01,309.46,306.52,3301805,-0.44,-0.1457
ADBE,2019-08-02,299.08,295.16,3461065,-4.8,-1.6346
ADBE,2019-08-03,299.08,295.16,3461065,-4.8,-1.6346
ADBE,2019-08-04,299.08,295.16,3461065,-4.8,-1.6346
ADBE,2019-08-05,294.51,289.69,4417302,-13.66,-4.5759
ADBE,2019-08-06,286.85,291.88,2582518,6.05,2.1528
ADBE,2019-08-07,289.78,298.27,2279694,2.94,0.9838
ADBE,2019-08-08,295.88,300.85,2533870,9.01,3.0964
ADBE,2019-08-09,300.2,308.46,1511196,-3.04,-1.0331
ADBE,2019-08-10,300.2,308.46,1511196,-3.04,-1.0331
ADBE,2019-08-11,300.2,308.46,1511196,-3.04,-1.0331
ADBE,2019-08-12,293.79,302.45,1618459,-6.31,-2.1951
ADBE,2019-08-13,297.22,299.01,2420790,4.53,1.601
ADBE,2019-08-14,290,287.67,2678509,-9.55,-3.3895
ADBE,2019-08-15,291.92,289.12,2435167,-0.96,-0.335
ADBE,2019-08-16,298.21,300.13,1994930,4.85,1.6838
ADBE,2019-08-17,298.21,300.13,1994930,4.85,1.6838
ADBE,2019-08-18,298.21,300.13,1994930,4.85,1.6838
ADBE,2019-08-19,304.32,295.64,1975724,0.54,0.1863
ADBE,2019-08-20,294.05,289.48,1534789,-2.28,-0.8026
ADBE,2019-08-21,296.69,297.16,1582662,6.02,2.06
ADBE,2019-08-22,305.35,296.66,1820218,-3.87,-1.3422
ADBE,2019-08-23,294.62,295.22,2916823,-5.41,-1.8794
ADBE,2019-08-24,294.62,295.22,2916823,-5.41,-1.8794
ADBE,2019-08-25,294.62,295.22,2916823,-5.41,-1.8794
ADBE,2019-08-26,286.65,296.86,1799464,6.6,2.236
ADBE,2019-08-27,299.04,296.65,1811178,0.72,0.2542
ADBE,2019-08-28,291.57,291.28,2817958,-7.39,-2.5297
ADBE,2019-08-29,288.54,296.09,2227524,4.5,1.652
ADBE,2019-08-30,291.79,297.97,2420840,-2.21,-0.7743
ADBE,2019-08-31,291.79,297.97,2420840,-2.21,-0.7743
ADBE,2019-09-01,291.79,297.97,2420840,-2.21,-0.7743
ADBE,2019-09-02,291.79,297.97,2420840,-2.21,-0.7743
ADBE,2019-09-03,284.65,291.82,1856764,-2.15,-0.7553
ADBE,2019-09-04,287.27,290.5,1563644,2.18,0.7956
ADBE,2019-09-05,299.85,295.99,2970363,3.16,1.1551
ADBE,2019-09-06,297.5,290.99,2319362,-2.93,-1.0076
ADBE,2019-09-07,297.5,290.99,2319362,-2.93,-1.0076
ADBE,2019-09-08,297.5,290.99,2319362,-2.93,-1.0076
ADBE,2019-09-09,295,283.4,3219027,-5.74,-2.0439
ADBE,2019-09-10,278.86,282.51,4170380,-3.27,-1.1322
ADBE,2019-09-11,286.22,282.94,2680542,1.72,0.5965
ADBE,2019-09-12,282,280.93,3019238,0.25,0.0906
ADBE,2019-09-13,283.07,284.64,3040569,0.35,0.1231
ADBE,2019-09-14,283.07,284.64,3040569,0.35,0.1231
ADBE,2019-09-15,283.07,284.64,3040569,0.35,0.1231
ADBE,2019-09-16,287.22,287.64,2889678,4.64,1.6524
ADBE,2019-09-17,294.89,289.06,4566657,1.79,0.627
ADBE,2019-09-18,278.21,281.43,7699074,-5.03,-1.7468
ADBE,2019-09-19,282.99,282.11,3303043,1.57,0.5514
ADBE,2019-09-20,287.5,289.15,4367929,-3.38,-1.2209
ADBE,2019-09-21,287.5,289.15,4367929,-3.38,-1.2209
ADBE,2019-09-22,287.5,289.15,4367929,-3.38,-1.2209
ADBE,2019-09-23,284.2,284.73,2168474,-0.49,-0.172
ADBE,2019-09-24,290.1,272.99,3468150,-5.09,-1.8397
ADBE,2019-09-25,273.5,278.84,3493726,5.01,1.8681
ADBE,2019-09-26,287.76,293.71,4336650,6.44,2.3149
ADBE,2019-09-27,293.13,289.52,3247408,-6.47,-2.2723
ADBE,2019-09-28,293.13,289.52,3247408,-6.47,-2.2723
ADBE,2019-09-29,293.13,289.52,3247408,-6.47,-2.2723
ADBE,2019-09-30,285.24,278.21,4113208,-1.33,-0.4873
ADBE,2019-10-01,281.42,274.4,3414985,-3.64,-1.3417
ADBE,2019-10-02,272.91,272.06,3411750,-6.33,-2.2218
ADBE,2019-10-03,267.44,277.8,3759067,5.84,2.2536
ADBE,2019-10-04,275.42,282.66,2704431,4.77,1.709
ADBE,2019-10-05,275.42,282.66,2704431,4.77,1.709
ADBE,2019-10-06,275.42,282.66,2704431,4.77,1.709
ADBE,2019-10-07,285.2,277.7,1868094,-0.06,-0.0222
ADBE,2019-10-08,281.93,278.52,2173918,-6.19,-2.215
ADBE,2019-10-09,282.05,279.61,1410502,3.49,1.3307
ADBE,2019-10-10,283.23,276.54,1669360,0.73,0.2665
ADBE,2019-10-11,289.21,279.67,2156694,3.37,1.2456
ADBE,2019-10-12,289.21,279.67,2156694,3.37,1.2456
ADBE,2019-10-13,289.21,279.67,2156694,3.37,1.2456
ADBE,2019-10-14,289.8,281.44,1385406,-0.54,-0.1903
ADBE,2019-10-15,278.8,288.39,1998380,1.69,0.5812
ADBE,2019-10-16,279.93,275.8,4411647,-6.93,-2.4482
ADBE,2019-10-17,275.24,276.62,3447123,-3.57,-1.2907
ADBE,2019-10-18,277.36,275.02,4552273,-3.86,-1.3978
ADBE,2019-10-19,277.36,275.02,4552273,-3.86,-1.3978
ADBE,2019-10-20,277.36,275.02,4552273,-3.86,-1.3978
ADBE,2019-10-21,273.52,267.84,2953408,1.33,0.5074
ADBE,2019-10-22,272.96,262.61,3537685,-6.03,-2.2472
ADBE,2019-10-23,266,270.18,3196491,0.24,0.092
ADBE,2019-10-24,272.69,276.1,3708983,8.39,3.3037
ADBE,2019-10-25,272.1,279.14,1844597,1.34,0.4922
ADBE,2019-10-26,272.1,279.14,1844597,1.34,0.4922
ADBE,2019-10-27,272.1,279.14,1844597,1.34,0.4922
ADBE,2019-10-28,277.65,275.61,2395938,0.37,0.1366
ADBE,2019-10-29,272.88,277.9,1747110,0.1,0.0377
ADBE,2019-10-30,284.8,284.82,2394572,7.12,2.651
ADBE,2019-10-31,285.72,290.32,2962420,-0.5,-0.1769
ADBE,2019-11-01,289.6,288.12,2907644,-0.12,-0.0399
ADBE,2019-11-02,289.6,288.12,2907644,-0.12,-0.0399
ADBE,2019-11-03,289.6,288.12,2907644,-0.12,-0.0399
ADBE,2019-11-04,293.1,282.4,2793734,-0.34,-0.1184
ADBE,2019-11-05,302.19,290.77,6203319,12.02,4.2591
ADBE,2019-11-06,301.13,291.9,2821317,-1.93,-0.6757
ADBE,2019-11-07,293,302.94,3299338,3.41,1.2288
ADBE,2019-11-08,292.09,304.91,1678736,1.74,0.589
ADBE,2019-11-09,292.09,304.91,1678736,1.74,0.589
ADBE,2019-11-10,292.09,304.91,1678736,1.74,0.589
ADBE,2019-11-11,297.89,291.74,1787382,-2.3,-0.7768
ADBE,2019-11-12,300.36,304.58,2152393,1.49,0.5098
ADBE,2019-11-13,301.48,293.66,1881771,1.87,0.6368
ADBE,2019-11-14,304.39,294.95,1503449,1.01,0.3381
ADBE,2019-11-15,305.86,307.6,2110758,3.12,1.0212
ADBE,2019-11-16,305.86,307.6,2110758,3.12,1.0212
ADBE,2019-11-17,305.86,307.6,2110758,3.12,1.0212
ADBE,2019-11-18,312.39,298.75,1706339,-0.36,-0.1178
ADBE,2019-11-19,303.96,305.3,2206261,3.54,1.1879
ADBE,2019-11-20,302.93,306,1918417,-0.5,-0.172
ADBE,2019-11-21,304.32,310.8,1613419,-1.3,-0.4531
ADBE,2019-11-22,305.89,303,1533588,0.5,0.1701
ADBE,2019-11-23,305.89,303,1533588,0.5,0.1701
ADBE,2019-11-24,305.89,303,1533588,0.5,0.1701
ADBE,2019-11-25,304.17,320.15,2216391,6.27,2.073
ADBE,2019-11-26,308,310.1,2683849,2.7,0.8935
ADBE,2019-11-27,321.7,314.06,1473224,1.19,0.3898
ADBE,2019-11-28,321.7,314.06,1473224,1.19,0.3898
ADBE,2019-11-29,310.38,314.58,1186848,0.48,0.1534
ADBE,2019-11-30,310.38,314.58,1186848,0.48,0.1534
ADBE,2019-12-01,310.38,314.58,1186848,0.48,0.1534
ADBE,2019-12-02,317.09,314.82,2969294,-6.84,-2.2852
ADBE,2019-12-03,305.72,314.52,1690350,1.18,0.3991
ADBE,2019-12-04,316,314.78,1565398,-1.5,-0.4638
ADBE,2019-12-05,305.72,306.69,1738416,0.53,0.1761
ADBE,2019-12-06,306.5,312.89,1760694,3.2,1.102
ADBE,2019-12-07,306.5,312.89,1760694,3.2,1.102
ADBE,2019-12-08,306.5,312.89,1760694,3.2,1.102
ADBE,2019-12-09,322.96,317.59,2949396,0.83,0.2774
ADBE,2019-12-10,312.67,313.74,2182455,-2.93,-0.975
ADBE,2019-12-11,312.15,318.7,3057300,-0.43,-0.1442
ADBE,2019-12-12,304,310.16,3211900,2.32,0.7504
ADBE,2019-12-13,314.41,332.39,6785585,12.52,4.058
ADBE,2019-12-14,314.41,332.39,6785585,12.52,4.058
ADBE,2019-12-15,314.41,332.39,6785585,12.52,4.058
ADBE,2019-12-16,334.65,331.4,3583386,6.13,1.8867
ADBE,2019-12-17,333.98,326.64,2409710,-0.96,-0.299
ADBE,2019-12-18,325.4,337.2,2361654,1.61,0.4776
ADBE,2019-12-19,331.8,334.44,2670516,3.34,1.0393
ADBE,2019-12-20,329.66,329.63,4398338,-0.02,-0.0061
ADBE,2019-12-21,329.66,329.63,4398338,-0.02,-0.0061
ADBE,2019-12-22,329.66,329.63,4398338,-0.02,-0.0061
ADBE,2019-12-23,345.12,330.45,2278442,1.35,0.429
ADBE,2019-12-24,339,335.96,1079481,0.69,0.2181
ADBE,2019-12-25,339,335.96,1079481,0.69,0.2181
ADBE,2019-12-26,342.9,343.8,1057470,1.62,0.495
ADBE,2019-12-27,344.47,342.04,1258286,-0.43,-0.1293
ADBE,2019-12-28,344.47,342.04,1258286,-0.43,-0.1293
ADBE,2019-12-29,344.47,342.04,1258286,-0.43,-0.1293
ADBE,2019-12-30,334.43,342.99,1957258,-2.5,-0.7438
ADBE,2019-12-31,328.86,335.69,1615611,1.49,0.4665
ADBE,2020-01-01,328.86,335.69,1615611,1.49,0.4665
ADBE,2020-01-02,334,340.61,2013430,4.73,1.4434
ADBE,2020-01-03,341.55,342.89,1600522,-2.71,-0.7962
ADBE,2020-01-04,341.55,342.89,1600522,-2.71,-0.7962
ADBE,2020-01-05,341.55,342.89,1600522,-2.71,-0.7962
ADBE,2020-01-06,330.24,350.38,1913521,1.9,0.5866
ADBE,2020-01-07,342.06,340.25,2559341,-0.33,-0.0994
ADBE,2020-01-08,349.71,349.19,2301895,4.58,1.4001
ADBE,2020-01-09,348.53,342.77,1647522,2.6,0.7994
ADBE,2020-01-10,356.53,345.5,1533725,-0.65,-0.191
ADBE,2020-01-11,356.53,345.5,1533725,-0.65,-0.191
ADBE,2020-01-12,356.53,345.5,1533725,-0.65,-0.191
ADBE,2020-01-13,345.5,346.6,2107767,5.93,1.793
ADBE,2020-01-14,348.85,361.17,2386011,-1,-0.2998
ADBE,2020-01-15,359.74,351.18,2264846,-1.7,-0.4994
ADBE,2020-01-16,360.11,347.36,2487672,2.49,0.7289
ADBE,2020-01-17,351,357.73,2594668,4.58,1.2818
ADBE,2020-01-18,351,357.73,2594668,4.58,1.2818
ADBE,2020-01-19,351,357.73,2594668,4.58,1.2818
ADBE,2020-01-20,351,357.73,2594668,4.58,1.2818
ADBE,2020-01-21,350.46,350,2199469,0.26,0.0751
ADBE,2020-01-22,353.8,363.84,1638666,0.06,0.0179
ADBE,2020-01-23,359.88,363.62,2118029,1.8,0.5075
ADBE,2020-01-24,370,353.46,1659271,-0.4,-0.1155
ADBE,2020-01-25,370,353.46,1659271,-0.4,-0.1155
ADBE,2020-01-26,370,353.46,1659271,-0.4,-0.1155
ADBE,2020-01-27,343.95,350.8,2657639,-4.69,-1.3246
ADBE,2020-01-28,350,354.83,2311120,7.76,2.336
ADBE,2020-01-29,361.7,352.29,1579510,-3.04,-0.8785
ADBE,2020-01-30,364.86,365.92,1837956,5.22,1.4714
ADBE,2020-01-31,360.49,353.5,3764169,-5.7,-1.5956
ADBE,2020-02-01,360.49,353.5,3764169,-5.7,-1.5956
ADBE,2020-02-02,360.49,353.5,3764169,-5.7,-1.5956
ADBE,2020-02-03,359.66,362,2823609,7.02,2.0494
ADBE,2020-02-04,380.74,380.89,3198161,8.87,2.4975
ADBE,2020-02-05,377.61,369.33,2557060,-1.23,-0.3319
ADBE,2020-02-06,378.09,377.78,2251334,1.92,0.5233
ADBE,2020-02-07,366,374.31,2118257,-1.38,-0.3776
ADBE,2020-02-08,366,374.31,2118257,-1.38,-0.3776
ADBE,2020-02-09,366,374.31,2118257,-1.38,-0.3776
ADBE,2020-02-10,368.68,384,2439240,4,1.096
ADBE,2020-02-11,386.77,379.86,2073488,-0.74,-0.2006
ADBE,2020-02-12,375.69,382.6,2462623,5.15,1.3945
ADBE,2020-02-13,380.45,375.8,1990948,0.57,0.1475
ADBE,2020-02-14,382.79,397.13,1754469,4.95,1.3074
ADBE,2020-02-15,382.79,397.13,1754469,4.95,1.3074
ADBE,2020-02-16,382.79,397.13,1754469,4.95,1.3074
ADBE,2020-02-17,382.79,397.13,1754469,4.95,1.3074
ADBE,2020-02-18,391.6,389.29,2116018,-0.85,-0.225
ADBE,2020-02-19,391.12,397.98,2638544,4.53,1.204
ADBE,2020-02-20,391,394.95,3907043,-4.36,-1.1786
ADBE,2020-02-21,388.27,385.29,2810646,-6.28,-1.6
ADBE,2020-02-22,388.27,385.29,2810646,-6.28,-1.6
ADBE,2020-02-23,388.27,385.29,2810646,-6.28,-1.6
ADBE,2020-02-24,361.85,359.92,4007127,-15.65,-4.2205
ADBE,2020-02-25,378,357.6,4292865,-9.73,-2.8171
ADBE,2020-02-26,363,363.52,3586052,3.67,1.0593
ADBE,2020-02-27,347,349.48,4739306,-14.39,-4.1265
ADBE,2020-02-28,333.94,360.01,6585341,8,2.2673
ADBE,2020-02-29,333.94,360.01,6585341,8,2.2673
ADBE,2020-03-01,333.94,360.01,6585341,8,2.2673
ADBE,2020-03-02,363.71,373.88,5404486,15.78,4.4248
ADBE,2020-03-03,378.96,351.52,4239845,-12.51,-3.464
ADBE,2020-03-04,360.2,374.93,4215316,16.11,4.5176
ADBE,2020-03-05,356.23,361.94,3296926,-13.43,-3.5689
ADBE,2020-03-06,352.75,352.18,5711495,-14.43,-4.1351
ADBE,2020-03-07,352.75,352.18,5711495,-14.43,-4.1351
ADBE,2020-03-08,352.75,352.18,5711495,-14.43,-4.1351
ADBE,2020-03-09,312.17,306.27,5391617,-31.6,-9.5148
ADBE,2020-03-10,326.03,340.51,6039806,27.31,9.0273
ADBE,2020-03-11,329.49,324.68,4934743,-17.54,-5.162
ADBE,2020-03-12,299.38,296,7488186,-31.05,-9.7029
ADBE,2020-03-13,320.52,349.5,9065259,51.2,18.0798
ADBE,2020-03-14,320.52,349.5,9065259,51.2,18.0798
ADBE,2020-03-15,320.52,349.5,9065259,51.2,18.0798
ADBE,2020-03-16,294.49,294.04,7273612,-51.42,-15.4174
ADBE,2020-03-17,298,317.04,6467597,25.96,9.085
ADBE,2020-03-18,297,299.3,7560314,-17.8,-5.5721
ADBE,2020-03-19,293.56,312.81,6070927,13,4.3819
ADBE,2020-03-20,320.68,309.56,7701451,-12.42,-4.0662
ADBE,2020-03-21,320.68,309.56,7701451,-12.42,-4.0662
ADBE,2020-03-22,320.68,309.56,7701451,-12.42,-4.0662
ADBE,2020-03-23,303.24,319.05,6197818,12.26,4.1339
ADBE,2020-03-24,332.03,323,6780603,2.77,0.8962
ADBE,2020-03-25,310,317.26,4904494,-4.25,-1.3645
ADBE,2020-03-26,309.81,337.16,4745461,16.96,5.5031
ADBE,2020-03-27,312.8,316.98,5049004,-16.94,-5.457
ADBE,2020-03-28,312.8,316.98,5049004,-16.94,-5.457
ADBE,2020-03-29,312.8,316.98,5049004,-16.94,-5.457
ADBE,2020-03-30,314.06,325.33,4342217,12.62,4.1222
ADBE,2020-03-31,317.22,320.43,6666081,-0.15,-0.049
ADBE,2020-04-01,317,316.26,4078332,-17.75,-5.5247
ADBE,2020-04-02,301.79,314.66,3712781,2.87,0.926
ADBE,2020-04-03,302.48,302.94,4003846,-10.62,-3.5389
ADBE,2020-04-04,302.48,302.94,4003846,-10.62,-3.5389
ADBE,2020-04-05,302.48,302.94,4003846,-10.62,-3.5389
ADBE,2020-04-06,318.13,331.22,5226844,25.74,8.811
ADBE,2020-04-07,340.13,324.22,5442558,-10.6,-3.2622
ADBE,2020-04-08,326.72,320.39,4040322,8.58,2.7853
ADBE,2020-04-09,323.05,326.7,3398570,1.57,0.5031
ADBE,2020-04-10,323.05,326.7,3398570,1.57,0.5031
ADBE,2020-04-11,323.05,326.7,3398570,1.57,0.5031
ADBE,2020-04-12,323.05,326.7,3398570,1.57,0.5031
ADBE,2020-04-13,321.28,323.96,1861355,1.98,0.6343
ADBE,2020-04-14,334,347.55,3944537,20.13,6.3699
ADBE,2020-04-15,345.49,348.69,2925001,-8.26,-2.4702
ADBE,2020-04-16,355.5,343.2,3929701,10.46,3.1814
ADBE,2020-04-17,355.4,356.42,3433968,1.46,0.4216
ADBE,2020-04-18,355.4,356.42,3433968,1.46,0.4216
ADBE,2020-04-19,355.4,356.42,3433968,1.46,0.4216
ADBE,2020-04-20,355.61,354.7,2847450,0.79,0.2347
ADBE,2020-04-21,357.3,343.16,3577992,-15.97,-4.6558
ADBE,2020-04-22,351.05,338.82,2245077,8.01,2.3862
ADBE,2020-04-23,352.6,344.52,2124123,-1.4,-0.4191
ADBE,2020-04-24,349,344.5,2234878,8.87,2.6051
ADBE,2020-04-25,349,344.5,2234878,8.87,2.6051
ADBE,2020-04-26,349,344.5,2234878,8.87,2.6051
ADBE,2020-04-27,354.8,364.6,2407315,4.5,1.3142
ADBE,2020-04-28,364.32,345.51,3941538,-15.15,-4.5176
ADBE,2020-04-29,346.91,358.02,5240197,16.32,4.8349
ADBE,2020-04-30,361.32,359.63,4002099,4.48,1.329
ADBE,2020-05-01,347.48,345.18,2642947,-9.9,-2.9029
ADBE,2020-05-02,347.48,345.18,2642947,-9.9,-2.9029
GOOG,2019-05-06,1215.79,1215.79,1575765,0,0
GOOG,2019-05-07,1203.49,1210.4,1556439,-15.6,-1.3056
GOOG,2019-05-08,1206.96,1221.54,1347483,-7.87,-0.6896
GOOG,2019-05-09,1201.93,1203.89,1202468,-3.91,-0.3388
GOOG,2019-05-10,1183.48,1177.95,1327684,1.98,0.1704
GOOG,2019-05-11,1183.48,1177.95,1327684,1.98,0.1704
GOOG,2019-05-12,1183.48,1177.95,1327684,1.98,0.1704
GOOG,2019-05-13,1162.78,1145.59,1909918,-33.79,-2.8006
GOOG,2019-05-14,1190.83,1144.44,1868839,-11.9,-1.0663
GOOG,2019-05-15,1164.18,1218.32,2309452,45.52,3.9749
GOOG,2019-05-16,1169.51,1198.11,1568083,14.98,1.306
GOOG,2019-05-17,1211.64,1195,1215560,-17.01,-1.4704
GOOG,2019-05-18,1211.64,1195,1215560,-17.01,-1.4704
GOOG,2019-05-19,1211.64,1195,1215560,-17.01,-1.4704
GOOG,2019-05-20,1179.2,1185.2,1414700,-23.72,-2.0705
GOOG,2019-05-21,1187.65,1188.83,1213277,10.86,0.9844
GOOG,2019-05-22,1165.34,1174.85,944393,1.83,0.1576
GOOG,2019-05-23,1191.2,1161.36,1258980,-10.65,-0.9444
GOOG,2019-05-24,1195.17,1187.97,1160355,-7.4,-0.6629
GOOG,2019-05-25,1195.17,1187.97,1160355,-7.4,-0.6629
GOOG,2019-05-26,1195.17,1187.97,1160355,-7.4,-0.6629
GOOG,2019-05-27,1195.17,1187.97,1160355,-7.4,-0.6629
GOOG,2019-05-28,1181,1138.65,1406072,0.68,0.06
GOOG,2019-05-29,1141.07,1155.81,1567152,-18.42,-1.6123
GOOG,2019-05-30,1133.02,1129.83,998397,1.53,0.1382
GOOG,2019-05-31,1102.19,1151.97,1563660,-14.51,-1.2863
GOOG,2019-06-01,1102.19,1151.97,1563660,-14.51,-1.2863
GOOG,2019-06-02,1102.19,1151.97,1563660,-14.51,-1.2863
GOOG,2019-06-03,1102.9,1058.99,5160739,-69.5,-6.1664
GOOG,2019-06-04,1084.6,1061.8,2965798,17.55,1.6495
GOOG,2019-06-05,1056.27,1067.2,2273352,-11.16,-1.0586
GOOG,2019-06-06,1084.06,1046.48,1736714,2.18,0.2054
GOOG,2019-06-07,1100.49,1109.68,1886070,21.8,2.1338
GOOG,2019-06-08,1100.49,1109.68,1886070,21.8,2.1338
GOOG,2019-06-09,1100.49,1109.68,1886070,21.8,2.1338
GOOG,2019-06-10,1093.64,1123.02,1492524,15.01,1.3914
GOOG,2019-06-11,1106.64,1111.85,1500376,-1.72,-0.158
GOOG,2019-06-12,1129,1081.75,1083359,-1.73,-0.157
GOOG,2019-06-13,1123.28,1119.85,1067108,12.19,1.13
GOOG,2019-06-14,1090.28,1105.2,1138599,-3.46,-0.3257
GOOG,2019-06-15,1090.28,1105.2,1138599,-3.46,-0.3257
GOOG,2019-06-16,1090.28,1105.2,1138599,-3.46,-0.3257
GOOG,2019-06-17,1108.25,1111.1,943899,7.37,0.6671
GOOG,2019-06-18,1155.51,1154.9,1416228,11.3,1.048
GOOG,2019-06-19,1138.5,1124.73,1394825,-1.33,-0.1189
GOOG,2019-06-20,1155.9,1118.96,1285173,9.4,0.8332
GOOG,2019-06-21,1115.66,1145.3,2033388,10.75,0.9794
GOOG,2019-06-22,1115.66,1145.3,2033388,10.75,0.9794
GOOG,2019-06-23,1115.66,1145.3,2033388,10.75,0.9794
GOOG,2019-06-24,1138.38,1152.18,1401620,-6.61,-0.571
GOOG,2019-06-25,1139.09,1125.81,1571095,-30.27,-2.7305
GOOG,2019-06-26,1107.9,1095,1860965,-6.59,-0.6176
GOOG,2019-06-27,1104,1118.61,1005500,-3.83,-0.359
GOOG,2019-06-28,1110.31,1104.67,1755708,5,0.4582
GOOG,2019-06-29,1110.31,1104.67,1755708,5,0.4582
GOOG,2019-06-30,1110.31,1104.67,1755708,5,0.4582
GOOG,2019-07-01,1099,1115.02,1470393,17.26,1.6037
GOOG,2019-07-02,1140.34,1122.46,1039109,13.9,1.2366
GOOG,2019-07-03,1137.42,1169.27,770413,10.37,0.9541
GOOG,2019-07-04,1137.42,1169.27,770413,10.37,0.9541
GOOG,2019-07-05,1134,1135.48,1293575,10.21,0.9203
GOOG,2019-07-06,1134,1135.48,1293575,10.21,0.9203
GOOG,2019-07-07,1134,1135.48,1293575,10.21,0.9203
GOOG,2019-07-08,1130.31,1146.15,1297648,-15.55,-1.3927
GOOG,2019-07-09,1165.5,1130.16,1349785,8.69,0.7658
GOOG,2019-07-10,1157.46,1196.41,1266619,15.84,1.4551
GOOG,2019-07-11,1171.62,1188.04,1222904,3.79,0.3311
GOOG,2019-07-12,1189.6,1175.7,886606,0.72,0.0625
GOOG,2019-07-13,1189.6,1175.7,886606,0.72,0.0625
GOOG,2019-07-14,1189.6,1175.7,886606,0.72,0.0625
GOOG,2019-07-15,1172.59,1196.97,911177,5.55,0.4984
GOOG,2019-07-16,1149,1186.89,1266067,3.35,0.2951
GOOG,2019-07-17,1196.57,1154.3,1196108,-7.49,-0.6423
GOOG,2019-07-18,1159.61,1194.04,1336965,-0.02,-0.0017
GOOG,2019-07-19,1157.79,1169,1728131,-16.9,-1.4218
GOOG,2019-07-20,1157.79,1169,1728131,-16.9,-1.4218
GOOG,2019-07-21,1157.79,1169,1728131,-16.9,-1.4218
GOOG,2019-07-22,1182.83,1158.85,1364118,8.14,0.7135
GOOG,2019-07-23,1195,1186.6,1126501,8.25,0.7477
GOOG,2019-07-24,1149.6,1182.53,1630563,-8.8,-0.757
GOOG,2019-07-25,1149.2,1148.27,2232647,-5.73,-0.506
GOOG,2019-07-26,1270.74,1304.2,4819103,122.33,10.9204
GOOG,2019-07-27,1270.74,1304.2,4819103,122.33,10.9204
GOOG,2019-07-28,1270.74,1304.2,4819103,122.33,10.9204
GOOG,2019-07-29,1258.93,1271.93,2226030,-11,-0.9055
GOOG,2019-07-30,1263.77,1285.14,1521741,-14.28,-1.1942
GOOG,2019-07-31,1253,1255.71,1781752,-8.54,-0.7079
GOOG,2019-08-01,1265.4,1254.08,1752869,-7.99,-0.655
GOOG,2019-08-02,1257.6,1227.37,1714158,-15.3,-1.2576
GOOG,2019-08-03,1257.6,1227.37,1714158,-15.3,-1.2576
GOOG,2019-08-04,1257.6,1227.37,1714158,-15.3,-1.2576
GOOG,2019-08-05,1220.32,1169.72,2688451,-43.03,-3.57
GOOG,2019-08-06,1173.53,1192.76,1770681,17.76,1.57
GOOG,2019-08-07,1203,1177.32,1457919,4.17,0.3622
GOOG,2019-08-08,1197.96,1264.5,1503804,30.98,2.6478
GOOG,2019-08-09,1218.85,1209.43,1081994,-16.97,-1.4325
GOOG,2019-08-10,1218.85,1209.43,1081994,-16.97,-1.4325
GOOG,2019-08-11,1218.85,1209.43,1081994,-16.97,-1.4325
GOOG,2019-08-12,1182.7,1217.98,1017351,-13.4,-1.163
GOOG,2019-08-13,1177.07,1212.84,1350098,22.98,2.0089
GOOG,2019-08-14,1194.58,1183.45,1649685,-33.35,-2.8685
GOOG,2019-08-15,1197.7,1215.3,1274748,3.06,0.2617
GOOG,2019-08-16,1185.68,1181.3,1391593,10.35,0.8979
GOOG,2019-08-17,1185.68,1181.3,1391593,10.35,0.8979
GOOG,2019-08-18,1185.68,1181.3,1391593,10.35,0.8979
GOOG,2019-08-19,1234.02,1236.86,1266287,21.07,1.8266
GOOG,2019-08-20,1219.65,1217.94,916745,-16.34,-1.373
GOOG,2019-08-21,1220.42,1211.84,746672,8.97,0.7498
GOOG,2019-08-22,1231.29,1209.38,960192,-1.77,-0.1508
GOOG,2019-08-23,1195.7,1165.97,1753584,-39.43,-3.299
GOOG,2019-08-24,1195.7,1165.97,1753584,-39.43,-3.299
GOOG,2019-08-25,1195.7,1165.97,1753584,-39.43,-3.299
GOOG,2019-08-26,1204.6,1178.08,1264964,17.8,1.592
GOOG,2019-08-27,1238.72,1220.61,1087133,-1.08,-0.0941
GOOG,2019-08-28,1175.3,1216.07,835386,3.25,0.2745
GOOG,2019-08-29,1198.81,1234.97,1113340,22.54,1.9336
GOOG,2019-08-30,1229.4,1220.5,1170313,-4.95,-0.4095
GOOG,2019-08-31,1229.4,1220.5,1170313,-4.95,-0.4095
GOOG,2019-09-01,1229.4,1220.5,1170313,-4.95,-0.4095
GOOG,2019-09-02,1229.4,1220.5,1170313,-4.95,-0.4095
GOOG,2019-09-03,1205.78,1193.7,1489584,-19.75,-1.696
GOOG,2019-09-04,1182.67,1195.4,1083062,13.2,1.1274
GOOG,2019-09-05,1193.37,1264.25,1420739,30.84,2.5579
GOOG,2019-09-06,1267.78,1241.03,1085530,-6.51,-0.5483
GOOG,2019-09-07,1267.78,1241.03,1085530,-6.51,-0.5483
GOOG,2019-09-08,1267.78,1241.03,1085530,-6.51,-0.5483
GOOG,2019-09-09,1252,1239.93,1534202,-0.53,-0.0436
GOOG,2019-09-10,1222.94,1259,1302165,1.63,0.137
GOOG,2019-09-11,1238.08,1271.93,1308872,14.47,1.193
GOOG,2019-09-12,1277.9,1292.99,1762763,14.7,1.1589
GOOG,2019-09-13,1258.66,1242.1,1364698,5.33,0.4486
GOOG,2019-09-14,1258.66,1242.1,1364698,5.33,0.4486
GOOG,2019-09-15,1258.66,1242.1,1364698,5.33,0.4486
GOOG,2019-09-16,1238.81,1232.1,1076476,-8.53,-0.6913
GOOG,2019-09-17,1282.7,1290.53,963841,-2.26,-0.1795
GOOG,2019-09-18,1264.56,1250.33,1149258,3.37,0.2746
GOOG,2019-09-19,1285.98,1276.74,1041442,6.4,0.5192
GOOG,2019-09-20,1283.26,1246.18,2405213,-9.08,-0.7302
GOOG,2019-09-21,1283.26,1246.18,2405213,-9.08,-0.7302
GOOG,2019-09-22,1283.26,1246.18,2405213,-9.08,-0.7302
GOOG,2019-09-23,1260,1254.52,1089603,4.2,0.3493
GOOG,2019-09-24,1295,1270.93,1642236,-15.29,-1.2945
GOOG,2019-09-25,1274.24,1289.71,1658533,28.36,2.3357
GOOG,2019-09-26,1245.48,1246.71,1596166,-5.18,-0.417
GOOG,2019-09-27,1260.72,1261.66,1405803,-16.6,-1.376
GOOG,2019-09-28,1260.72,1261.66,1405803,-16.6,-1.376
GOOG,2019-09-29,1260.72,1261.66,1405803,-16.6,-1.376
GOOG,2019-09-30,1273.5,1220,1471355,-6.25,-0.5206
GOOG,2019-10-01,1230,1223.8,1363282,-14.3,-1.1607
GOOG,2019-10-02,1243.63,1213.64,1715462,-28.81,-2.3819
GOOG,2019-10-03,1238,1202.01,1682253,11.3,0.9686
GOOG,2019-10-04,1192.07,1223,1214242,21.86,1.789
GOOG,2019-10-05,1192.07,1223,1214242,21.86,1.789
GOOG,2019-10-06,1192.07,1223,1214242,21.86,1.789
GOOG,2019-10-07,1221.7,1245.87,907468,-1.38,-0.112
GOOG,2019-10-08,1208.57,1195.78,1160450,-19.04,-1.559
GOOG,2019-10-09,1203.32,1249.5,911415,13.55,1.1426
GOOG,2019-10-10,1256.84,1217.92,974478,6.38,0.547
GOOG,2019-10-11,1275.72,1232.9,1306093,6.79,0.5758
GOOG,2019-10-12,1275.72,1232.9,1306093,6.79,0.5758
GOOG,2019-10-13,1275.72,1232.9,1306093,6.79,0.5758
GOOG,2019-10-14,1254.81,1259.77,905115,1.77,0.14
GOOG,2019-10-15,1246.9,1254.03,1447331,26.79,2.2178
GOOG,2019-10-16,1276.66,1250.01,1203845,0.66,0.0518
GOOG,2019-10-17,1256.5,1299.24,1004775,9.8,0.7636
GOOG,2019-10-18,1283.25,1305.31,1412891,-7.92,-0.6139
GOOG,2019-10-19,1283.25,1305.31,1412891,-7.92,-0.6139
GOOG,2019-10-20,1283.25,1305.31,1412891,-7.92,-0.6139
GOOG,2019-10-21,1313.71,1252.54,1081160,0.67,0.055
GOOG,2019-10-22,1262.31,1269.4,1069775,-3.49,-0.2789
GOOG,2019-10-23,1255.12,1270.48,937711,17.04,1.328
GOOG,2019-10-24,1270.3,1311.35,1091162,1.94,0.149
GOOG,2019-10-25,1301.07,1269.66,1257431,4.25,0.3348
GOOG,2019-10-26,1301.07,1269.66,1257431,4.25,0.3348
GOOG,2019-10-27,1301.07,1269.66,1257431,4.25,0.3348
GOOG,2019-10-28,1321.64,1329,2736805,25.8,2.0559
GOOG,2019-10-29,1336.55,1311.61,1917831,-27.77,-2.1906
GOOG,2019-10-30,1256.22,1269.19,1476078,-1.36,-0.1068
GOOG,2019-10-31,1285.77,1289.27,1514083,-1.22,-0.0961
GOOG,2019-11-01,1277,1320.44,1687946,13.79,1.0822
GOOG,2019-11-02,1277,1320.44,1687946,13.79,1.0822
GOOG,2019-11-03,1277,1320.44,1687946,13.79,1.0822
GOOG,2019-11-04,1333.56,1329.99,1547106,17.77,1.4146
GOOG,2019-11-05,1301.73,1333.04,1311060,0.67,0.0515
GOOG,2019-11-06,1312.99,1303.8,1167701,-0.24,-0.0184
GOOG,2019-11-07,1358.51,1349.97,2099973,17.55,1.3667
GOOG,2019-11-08,1358.97,1351.94,1269207,2.56,0.2008
GOOG,2019-11-09,1358.97,1351.94,1269207,2.56,0.2008
GOOG,2019-11-10,1358.97,1351.94,1269207,2.56,0.2008
GOOG,2019-11-11,1317.99,1323.25,1045046,-12.37,-0.9372
GOOG,2019-11-12,1309,1350.6,1105505,-0.4,-0.03
GOOG,2019-11-13,1339.1,1343,854460,-0.8,-0.0619
GOOG,2019-11-14,1319.7,1343.74,1195743,13.74,1.075
GOOG,2019-11-15,1353.05,1357.83,1794293,24.05,1.798
GOOG,2019-11-16,1353.05,1357.83,1794293,24.05,1.798
GOOG,2019-11-17,1353.05,1357.83,1794293,24.05,1.798
GOOG,2019-11-18,1370.09,1358.6,1504491,-14.23,-1.1128
GOOG,2019-11-19,1392.2,1331.39,1328400,-5.32,-0.4016
GOOG,2019-11-20,1365.64,1326.63,1319993,-12.43,-0.9645
GOOG,2019-11-21,1349.13,1351.45,1006384,-1.7,-0.1329
GOOG,2019-11-22,1366.96,1321.56,1415230,-6.25,-0.4666
GOOG,2019-11-23,1366.96,1321.56,1415230,-6.25,-0.4666
GOOG,2019-11-24,1366.96,1321.56,1415230,-6.25,-0.4666
GOOG,2019-11-25,1327.79,1339.93,1083932,11.78,0.8849
GOOG,2019-11-26,1339.28,1319.82,1119057,6.92,0.545
GOOG,2019-11-27,1328,1348.85,998403,-0.57,-0.0447
GOOG,2019-11-28,1328,1348.85,998403,-0.57,-0.0447
GOOG,2019-11-29,1363.63,1350.56,607915,-8.08,-0.6131
GOOG,2019-11-30,1363.63,1350.56,607915,-8.08,-0.6131
GOOG,2019-12-01,1363.63,1350.56,607915,-8.08,-0.6131
GOOG,2019-12-02,1358,1333.75,1521068,-15.47,-1.1878
GOOG,2019-12-03,1300.83,1324.52,1310109,5.4,0.4241
GOOG,2019-12-04,1343.73,1368.16,1586186,26.08,1.9515
GOOG,2019-12-05,1392,1358.01,1255614,7.64,0.5757
GOOG,2019-12-06,1351.65,1395.05,1345138,12.9,0.9743
GOOG,2019-12-07,1351.65,1395.05,1345138,12.9,0.9743
GOOG,2019-12-08,1351.65,1395.05,1345138,12.9,0.9743
GOOG,2019-12-09,1367.88,1362.76,1368604,3.01,0.2235
GOOG,2019-12-10,1392.7,1349.03,1136664,1.1,0.0835
GOOG,2019-12-11,1381.26,1386.49,868071,0.37,0.0276
GOOG,2019-12-12,1366.9,1391.22,1306892,5.45,0.407
GOOG,2019-12-13,1403.37,1363.7,1574374,-2.48,-0.1868
GOOG,2019-12-14,1403.37,1363.7,1574374,-2.48,-0.1868
GOOG,2019-12-15,1403.37,1363.7,1574374,-2.48,-0.1868
GOOG,2019-12-16,1407.4,1387.98,1437352,13.66,1.0035
GOOG,2019-12-17,1393.53,1376.84,1913207,-6.21,-0.4455
GOOG,2019-12-18,1394.9,1356.17,1692963,-2.6,-0.1936
GOOG,2019-12-19,1394.75,1413.87,1482152,3.51,0.261
GOOG,2019-12-20,1413.23,1365.2,3468793,-6.48,-0.4949
GOOG,2019-12-21,1413.23,1365.2,3468793,-6.48,-0.4949
GOOG,2019-12-22,1413.23,1365.2,3468793,-6.48,-0.4949
GOOG,2019-12-23,1373.85,1357.99,887346,-0.76,-0.0575
GOOG,2019-12-24,1369.1,1407.24,362362,-5.41,-0.4064
GOOG,2019-12-25,1369.1,1407.24,362362,-5.41,-0.4064
GOOG,2019-12-26,1349.2,1396.3,685642,17.57,1.2986
GOOG,2019-12-27,1430.51,1419.16,1083106,-8.68,-0.6473
GOOG,2019-12-28,1430.51,1419.16,1083106,-8.68,-0.6473
GOOG,2019-12-29,1430.51,1419.16,1083106,-8.68,-0.6473
GOOG,2019-12-30,1414,1382.38,1061862,-15.95,-1.181
GOOG,2019-12-31,1343.87,1388.8,1006488,0.9,0.0686
GOOG,2020-01-01,1343.87,1388.8,1006488,0.9,0.0686
GOOG,2020-01-02,1341.58,1410.73,1457658,31.23,2.29
GOOG,2020-01-03,1377.99,1404.55,1207082,-6.74,-0.5148
GOOG,2020-01-04,1377.99,1404.55,1207082,-6.74,-0.5148
GOOG,2020-01-05,1377.99,1404.55,1207082,-6.74,-0.5148
GOOG,2020-01-06,1379,1463.9,1765649,35.05,2.4894
GOOG,2020-01-07,1467.51,1448.04,1548238,-0.88,-0.0627
GOOG,2020-01-08,1455.01,1427.13,1583710,11.4,0.826
GOOG,2020-01-09,1443.88,1458.23,1567975,16.25,1.1302
GOOG,2020-01-10,1464.82,1430.85,1833957,9.9,0.6998
GOOG,2020-01-11,1464.82,1430.85,1833957,9.9,0.6998
GOOG,2020-01-12,1464.82,1430.85,1833957,9.9,0.6998
GOOG,2020-01-13,1457.84,1496.05,1670300,9.9,0.674
GOOG,2020-01-14,1450.12,1452.74,1588205,-8.66,-0.5958
GOOG,2020-01-15,1484,1481.2,1290468,8.65,0.5889
GOOG,2020-01-16,1455.71,1490.3,1224615,13,0.9056
GOOG,2020-01-17,1514.56,1554.09,2464903,29.05,2.0392
GOOG,2020-01-18,1514.56,1554.09,2464903,29.05,2.0392
GOOG,2020-01-19,1514.56,1554.09,2464903,29.05,2.0392
GOOG,2020-01-20,1514.56,1554.09,2464903,29.05,2.0392
GOOG,2020-01-21,1504.64,1546.8,2037026,4.15,0.2823
GOOG,2020-01-22,1503,1490.72,1667826,1.57,0.1045
GOOG,2020-01-23,1489.66,1544.91,1413294,0.7,0.0481
GOOG,2020-01-24,1535.98,1536.09,1827449,-20.27,-1.3476
GOOG,2020-01-25,1535.98,1536.09,1827449,-20.27,-1.3476
GOOG,2020-01-26,1535.98,1536.09,1827449,-20.27,-1.3476
GOOG,2020-01-27,1451,1477.6,1833083,-33.25,-2.343
GOOG,2020-01-28,1512,1492.99,1644425,18.95,1.3656
GOOG,2020-01-29,1489.8,1510.72,1121339,6.36,0.4387
GOOG,2020-01-30,1502.9,1470.2,1394120,-2.84,-0.1919
GOOG,2020-01-31,1518.2,1449.09,2496637,-21.82,-1.4933
GOOG,2020-02-01,1518.2,1449.09,2496637,-21.82,-1.4933
GOOG,2020-02-02,1518.2,1449.09,2496637,-21.82,-1.4933
GOOG,2020-02-03,1495,1510.75,3118148,51.96,3.7088
GOOG,2020-02-04,1473.92,1457.33,4045879,-39.42,-2.6528
GOOG,2020-02-05,1481.36,1479.92,2002496,1.18,0.082
GOOG,2020-02-06,1515.73,1536.49,1728076,28,1.9648
GOOG,2020-02-07,1495.2,1498.55,1188729,3,0.2064
GOOG,2020-02-08,1495.2,1498.55,1188729,3,0.2064
GOOG,2020-02-09,1495.2,1498.55,1188729,3,0.2064
GOOG,2020-02-10,1522.03,1544.36,1452334,30.23,2.0837
GOOG,2020-02-11,1528,1522.73,1350773,0.11,0.0074
GOOG,2020-02-12,1533.21,1587.64,1200031,9.57,0.6549
GOOG,2020-02-13,1544.92,1523.09,957339,-3.78,-0.2382
GOOG,2020-02-14,1575.5,1559.54,1220262,6.18,0.4068
GOOG,2020-02-15,1575.5,1559.54,1220262,6.18,0.4068
GOOG,2020-02-16,1575.5,1559.54,1220262,6.18,0.4068
GOOG,2020-02-17,1575.5,1559.54,1220262,6.18,0.4068
GOOG,2020-02-18,1564,1543.07,1123871,-1.08,-0.0722
GOOG,2020-02-19,1586.31,1552.67,961709,7.05,0.4838
GOOG,2020-02-20,1528,1521.62,1097495,-8.56,-0.5604
GOOG,2020-02-21,1555.08,1556.23,1775878,-33.84,-2.2667
GOOG,2020-02-22,1555.08,1556.23,1775878,-33.84,-2.2667
GOOG,2020-02-23,1555.08,1556.23,1775878,-33.84,-2.2667
GOOG,2020-02-24,1472.62,1446.89,2872868,-64.34,-4.352
GOOG,2020-02-25,1452,1448.17,2591331,-33.21,-2.4168
GOOG,2020-02-26,1417.64,1425.6,2208865,4.76,0.3506
GOOG,2020-02-27,1375.75,1375.98,3040121,-76.25,-5.5646
GOOG,2020-02-28,1299.9,1350.8,3792863,22.14,1.6117
GOOG,2020-02-29,1299.9,1350.8,3792863,22.14,1.6117
GOOG,2020-03-01,1299.9,1350.8,3792863,22.14,1.6117
GOOG,2020-03-02,1384.87,1417.01,2527478,49.87,3.7971
GOOG,2020-03-03,1423.98,1408.36,2428440,-50.03,-3.4786
GOOG,2020-03-04,1421.47,1449.76,1997312,45.35,3.4732
GOOG,2020-03-05,1378.2,1320.2,2639665,-70.1,-4.8826
GOOG,2020-03-06,1330.68,1300,2779594,-20.87,-1.601
GOOG,2020-03-07,1330.68,1300,2779594,-20.87,-1.601
GOOG,2020-03-08,1330.68,1300,2779594,-20.87,-1.601
GOOG,2020-03-09,1243.3,1219.24,3376327,-83.23,-6.4045
GOOG,2020-03-10,1286,1325.32,2740217,65.3,5.3823
GOOG,2020-03-11,1295.1,1238.33,2725520,-66.5,-5.326
GOOG,2020-03-12,1136,1146.69,4229324,-103.7,-8.5803
GOOG,2020-03-13,1201,1252.33,3826249,109.08,9.5503
GOOG,2020-03-14,1201,1252.33,3826249,109.08,9.5503
GOOG,2020-03-15,1201,1252.33,3826249,109.08,9.5503
GOOG,2020-03-16,1147,1124.73,4460837,-136.8,-11.6334
GOOG,2020-03-17,1133.28,1157,4047456,36.48,3.2915
GOOG,2020-03-18,1089.01,1106.4,4439105,-24,-2.0813
GOOG,2020-03-19,1099.51,1167.51,3803596,19.4,1.7616
GOOG,2020-03-20,1156.01,1074.89,3629945,-43.88,-3.915
GOOG,2020-03-21,1156.01,1074.89,3629945,-43.88,-3.915
GOOG,2020-03-22,1156.01,1074.89,3629945,-43.88,-3.915
GOOG,2020-03-23,1098,1096.18,4173065,-15.9,-1.5244
GOOG,2020-03-24,1125.46,1160.83,3375625,78.69,7.5433
GOOG,2020-03-25,1179.94,1148.13,4261879,-32.8,-2.9318
GOOG,2020-03-26,1167.2,1185.94,3669276,60.62,5.394
GOOG,2020-03-27,1129.24,1149.81,3299641,-51.25,-4.6025
GOOG,2020-03-28,1129.24,1149.81,3299641,-51.25,-4.6025
GOOG,2020-03-29,1129.24,1149.81,3299641,-51.25,-4.6025
GOOG,2020-03-30,1127.25,1191.72,2584347,37.68,3.2847
GOOG,2020-03-31,1192.9,1181.13,2496155,16.69,1.4045
GOOG,2020-04-01,1170,1107.29,2424231,-59.27,-5.1321
GOOG,2020-04-02,1105.53,1122.22,2020393,15.49,1.3928
GOOG,2020-04-03,1134.49,1144.24,2379645,-23.36,-2.1287
GOOG,2020-04-04,1134.49,1144.24,2379645,-23.36,-2.1287
GOOG,2020-04-05,1134.49,1144.24,2379645,-23.36,-2.1287
GOOG,2020-04-06,1140,1189.62,2714074,93.35,8.2555
GOOG,2020-04-07,1228,1206.17,2413051,-0.43,-0.0361
GOOG,2020-04-08,1231,1225.62,2013492,23.83,2.0654
GOOG,2020-04-09,1269.07,1269.77,2230165,1.18,0.1007
GOOG,2020-04-10,1269.07,1269.77,2230165,1.18,0.1007
GOOG,2020-04-11,1269.07,1269.77,2230165,1.18,0.1007
GOOG,2020-04-12,1269.07,1269.77,2230165,1.18,0.1007
GOOG,2020-04-13,1255.74,1243.22,1808787,6.26,0.5105
GOOG,2020-04-14,1281.3,1284.17,2573723,52.95,4.2543
GOOG,2020-04-15,1256.64,1303.16,1693694,-7.06,-0.5327
GOOG,2020-04-16,1275.2,1281.51,2553092,1,0.0804
GOOG,2020-04-17,1307.49,1288.25,2045536,20.75,1.6299
GOOG,2020-04-18,1307.49,1288.25,2045536,20.75,1.6299
GOOG,2020-04-19,1307.49,1288.25,2045536,20.75,1.6299
GOOG,2020-04-20,1324,1273.76,1720736,-16.72,-1.3113
GOOG,2020-04-21,1262,1250.72,2193090,-51.88,-4.1174
GOOG,2020-04-22,1279.3,1285.08,2176026,47.6,3.8888
GOOG,2020-04-23,1305.32,1294.48,1567863,13.7,1.044
GOOG,2020-04-24,1290.03,1298.75,1701028,3,0.2368
GOOG,2020-04-25,1290.03,1298.75,1701028,3,0.2368
GOOG,2020-04-26,1290.03,1298.75,1701028,3,0.2368
GOOG,2020-04-27,1332,1284.23,1607337,-3.56,-0.2799
GOOG,2020-04-28,1338.29,1286.23,3057020,-44.11,-3.4065
GOOG,2020-04-29,1351.79,1370.5,3920937,110.44,8.872
GOOG,2020-04-30,1332.75,1415.54,2750183,7.49,0.5572
GOOG,2020-05-01,1344.5,1350.07,2099307,-29.27,-2.1115
GOOG,2020-05-02,1344.5,1350.07,2099307,-29.27,-2.1115
AMZN,2019-05-06,1925.98,2011.24,5623399,0,0
AMZN,2019-05-07,2015.9,1957,5953935,-29.82,-1.548
AMZN,2019-05-08,1926.53,2000.53,4172565,-3.36,-0.1755
AMZN,2019-05-09,1991,1920.61,5566810,-18.5,-0.9794
AMZN,2019-05-10,1912,1896.04,5902964,-10.1,-0.5442
AMZN,2019-05-11,1912,1896.04,5902964,-10.1,-0.5442
AMZN,2019-05-12,1912,1896.04,5902964,-10.1,-0.5442
AMZN,2019-05-13,1898.12,1829.9,6025500,-69.8,-3.5776
AMZN,2019-05-14,1925.1,1869.72,4816525,17.77,0.9971
AMZN,2019-05-15,1850.85,1896.37,4750971,32.12,1.7019
AMZN,2019-05-16,1930.23,1919.64,4721919,37.42,2.04
AMZN,2019-05-17,1906.29,1910,4779167,-38.79,-2.0478
AMZN,2019-05-18,1906.29,1910,4779167,-38.79,-2.0478
AMZN,2019-05-19,1906.29,1910,4779167,-38.79,-2.0478
AMZN,2019-05-20,1886.57,1933.53,3928783,-10.49,-0.5539
AMZN,2019-05-21,1964.15,1865.3,4045467,-1.49,-0.079
AMZN,2019-05-22,1880.53,1910.02,3046563,2.19,0.1191
AMZN,2019-05-23,1869.23,1822.77,4608587,-44.9,-2.4902
AMZN,2019-05-24,1916.26,1913.59,3463746,8,0.4398
AMZN,2019-05-25,1916.26,1913.59,3463746,8,0.4398
AMZN,2019-05-26,1916.26,1913.59,3463746,8,0.4398
AMZN,2019-05-27,1916.26,1913.59,3463746,8,0.4398
AMZN,2019-05-28,1835.42,1917.81,3215681,13.59,0.7402
AMZN,2019-05-29,1877.45,1873.42,4489171,-17.4,-0.9566
AMZN,2019-05-30,1874.36,1877.14,3258917,-2.88,-0.1652
AMZN,2019-05-31,1845.41,1792.72,4780859,-42.16,-2.3518
AMZN,2019-06-01,1845.41,1792.72,4780859,-42.16,-2.3518
AMZN,2019-06-02,1845.41,1792.72,4780859,-42.16,-2.3518
AMZN,2019-06-03,1764.68,1721.26,9427346,-85.88,-4.6661
AMZN,2019-06-04,1726.22,1789.76,5786278,37.02,2.2399
AMZN,2019-06-05,1833.7,1791.8,4435110,9.35,0.536
AMZN,2019-06-06,1740.36,1770.25,3779924,16.54,0.9206
AMZN,2019-06-07,1825.4,1851.62,4941042,51.29,2.9208
AMZN,2019-06-08,1825.4,1851.62,4941042,51.29,2.9208
AMZN,2019-06-09,1825.4,1851.62,4941042,51.29,2.9208
AMZN,2019-06-10,1842,1883.58,5524899,58.2,3.1834
AMZN,2019-06-11,1897.89,1877.6,4179655,3.22,0.169
AMZN,2019-06-12,1886.92,1857.57,2751578,-8.46,-0.4697
AMZN,2019-06-13,1883.93,1962.6,2868617,15.65,0.83
AMZN,2019-06-14,1921,1908.24,2981725,-0.65,-0.0338
AMZN,2019-06-15,1921,1908.24,2981725,-0.65,-0.0338
AMZN,2019-06-16,1921,1908.24,2981725,-0.65,-0.0338
AMZN,2019-06-17,1885.1,1950.38,2734253,16.57,0.906
AMZN,2019-06-18,1960.83,1918.89,3988455,15.71,0.8424
AMZN,2019-06-19,1999.35,1937.31,2981320,7.55,0.3976
AMZN,2019-06-20,2006.89,1998.27,3237727,9.9,0.4965
AMZN,2019-06-21,1941.4,1952.4,4100092,-7.09,-0.362
AMZN,2019-06-22,1941.4,1952.4,4100092,-7.09,-0.362
AMZN,2019-06-23,1941.4,1952.4,4100092,-7.09,-0.362
AMZN,2019-06-24,1927.11,1957.5,2346703,2.7,0.138
AMZN,2019-06-25,1979.17,1905.79,3033748,-35.83,-1.8998
AMZN,2019-06-26,1972.32,1954.31,2559976,20.49,1.0735
AMZN,2019-06-27,1908,1911.62,2184901,6.45,0.3468
AMZN,2019-06-28,1981.8,1958.9,3183561,-10.77,-0.5853
AMZN,2019-06-29,1981.8,1958.9,3183561,-10.77,-0.5853
AMZN,2019-06-30,1981.8,1958.9,3183561,-10.77,-0.5853
AMZN,2019-07-01,1940.6,1950.85,3283604,28.64,1.5206
AMZN,2019-07-02,2010.57,1964.5,2781200,12.22,0.6341
AMZN,2019-07-03,1967.67,2009,1705148,4.81,0.252
AMZN,2019-07-04,1967.67,2009,1705148,4.81,0.252
AMZN,2019-07-05,1957.1,1967.79,2636397,4.06,0.2112
AMZN,2019-07-06,1957.1,1967.79,2636397,4.06,0.2112
AMZN,2019-07-07,1957.1,1967.79,2636397,4.06,0.2112
AMZN,2019-07-08,2011.57,1970.21,3009421,9.63,0.4915
AMZN,2019-07-09,1975.6,2012,4384771,37.35,1.8955
AMZN,2019-07-10,2024.76,2034.63,4982438,29.98,1.468
AMZN,2019-07-11,2064.16,2087.14,4456505,-16.39,-0.8385
AMZN,2019-07-12,2065.94,2017,2578657,10.27,0.5107
AMZN,2019-07-13,2065.94,2017,2578657,10.27,0.5107
AMZN,2019-07-14,2065.94,2017,2578657,10.27,0.5107
AMZN,2019-07-15,2041.6,2087,3005313,10.48,0.521
AMZN,2019-07-16,2081.97,2029.2,2745263,-11.29,-0.5592
AMZN,2019-07-17,2012.59,1996.02,2562354,-17.93,-0.8907
AMZN,2019-07-18,2029.55,2067,3558051,-14.36,-0.7106
AMZN,2019-07-19,2009.27,2034.75,3283745,-13.7,-0.6848
AMZN,2019-07-20,2009.27,2034.75,3283745,-13.7,-0.6848
AMZN,2019-07-21,2009.27,2034.75,3283745,-13.7,-0.6848
AMZN,2019-07-22,2039.33,2016.66,2985126,21.65,1.0948
AMZN,2019-07-23,2016.98,2071.43,2799385,9.24,0.4532
AMZN,2019-07-24,2055,2015.78,2653822,6.56,0.3233
AMZN,2019-07-25,2095,1994.69,4213599,-27.09,-1.379
AMZN,2019-07-26,1943,1993.86,5075564,-31.34,-1.629
AMZN,2019-07-27,1943,1993.86,5075564,-31.34,-1.629
AMZN,2019-07-28,1943,1993.86,5075564,-31.34,-1.629
AMZN,2019-07-29,1963,1995.74,4605274,-31,-1.6153
AMZN,2019-07-30,1961.65,1898.8,2911092,-14.16,-0.7616
AMZN,2019-07-31,1961.29,1897.4,4675909,-32.86,-1.7372
AMZN,2019-08-01,1959.41,1874.48,4881208,-11.5,-0.6185
AMZN,2019-08-02,1908.95,1898.5,5161085,-32.85,-1.7686
AMZN,2019-08-03,1908.95,1898.5,5161085,-32.85,-1.7686
AMZN,2019-08-04,1908.95,1898.5,5161085,-32.85,-1.7686
AMZN,2019-08-05,1824.53,1805.28,6186896,-60.78,-3.2752
AMZN,2019-08-06,1867.93,1823.88,5300355,23.8,1.319
AMZN,2019-08-07,1806.04,1854.4,4617205,5.78,0.3214
AMZN,2019-08-08,1887,1878.25,3744756,41.28,2.304
AMZN,2019-08-09,1858.35,1851.3,3020701,-26.39,-1.4221
AMZN,2019-08-10,1858.35,1851.3,3020701,-26.39,-1.4221
AMZN,2019-08-11,1858.35,1851.3,3020701,-26.39,-1.4221
AMZN,2019-08-12,1818.66,1799.04,2990370,-22.77,-1.304
AMZN,2019-08-13,1815,1872.59,4226818,40.25,2.2384
AMZN,2019-08-14,1871.24,1846.51,4963063,-63.62,-3.4172
AMZN,2019-08-15,1828.2,1784.3,3970451,13.66,0.7708
AMZN,2019-08-16,1828.56,1869.69,3161875,17.18,0.96
AMZN,2019-08-17,1828.56,1869.69,3161875,17.18,0.96
AMZN,2019-08-18,1828.56,1869.69,3161875,17.18,0.96
AMZN,2019-08-19,1822.66,1881.57,2849253,23.85,1.3502
AMZN,2019-08-20,1858.8,1879.73,1990618,-14.91,-0.8412
AMZN,2019-08-21,1908.56,1870.04,2105484,22.77,1.2382
AMZN,2019-08-22,1857,1813.5,2761045,-18.07,-0.989
AMZN,2019-08-23,1793.07,1800.95,5419133,-57.88,-3.2356
AMZN,2019-08-24,1793.07,1800.95,5419133,-57.88,-3.2356
AMZN,2019-08-25,1793.07,1800.95,5419133,-57.88,-3.2356
AMZN,2019-08-26,1806.22,1806.89,3191533,19.43,1.1129
AMZN,2019-08-27,1839.22,1814.4,3054181,-7.09,-0.417
AMZN,2019-08-28,1818,1842.51,2464559,2.44,0.1381
AMZN,2019-08-29,1871,1798.7,3106275,22.91,1.2665
AMZN,2019-08-30,1868.12,1814.75,3104489,-10.45,-0.5746
AMZN,2019-08-31,1868.12,1814.75,3104489,-10.45,-0.5746
AMZN,2019-09-01,1868.12,1814.75,3104489,-10.45,-0.5746
AMZN,2019-09-02,1868.12,1814.75,3104489,-10.45,-0.5746
AMZN,2019-09-03,1801,1874.55,3608490,13.59,0.7824
AMZN,2019-09-04,1849,1847.39,2352052,11.16,0.6028
AMZN,2019-09-05,1827.88,1886.51,3475210,41.5,2.262
AMZN,2019-09-06,1929.26,1901.82,2580743,-7.39,-0.4048
AMZN,2019-09-07,1929.26,1901.82,2580743,-7.39,-0.4048
AMZN,2019-09-08,1929.26,1901.82,2580743,-7.39,-0.4048
AMZN,2019-09-09,1929,1902.61,3001747,-2.23,-0.1199
AMZN,2019-09-10,1883.62,1854.67,2668314,-10.9,-0.5938
AMZN,2019-09-11,1846.09,1849.73,2447454,2.47,0.137
AMZN,2019-09-12,1879.63,1893.54,2872225,21.55,1.1795
AMZN,2019-09-13,1901.17,1898.23,1994636,-4.22,-0.2364
AMZN,2019-09-14,1901.17,1898.23,1994636,-4.22,-0.2364
AMZN,2019-09-15,1901.17,1898.23,1994636,-4.22,-0.2364
AMZN,2019-09-16,1839.43,1870.1,3703654,-31.6,-1.7763
AMZN,2019-09-17,1808.05,1909.32,2042443,15.12,0.8287
AMZN,2019-09-18,1876.15,1859.45,2628470,-5.34,-0.281
AMZN,2019-09-19,1853.26,1830,2105528,4.06,0.2324
AMZN,2019-09-20,1862.65,1848.13,5821271,-28.53,-1.512
AMZN,2019-09-21,1862.65,1848.13,5821271,-28.53,-1.512
AMZN,2019-09-22,1862.65,1848.13,5821271,-28.53,-1.512
AMZN,2019-09-23,1823,1839.8,3258736,-9.01,-0.5031
AMZN,2019-09-24,1850,1785.76,4723951,-43.98,-2.5335
AMZN,2019-09-25,1764.2,1824.11,3586776,27.86,1.5871
AMZN,2019-09-26,1844.47,1774.05,3687372,-29.53,-1.6139
AMZN,2019-09-27,1766,1743.13,4030524,-14.83,-0.8425
AMZN,2019-09-28,1766,1743.13,4030524,-14.83,-0.8425
AMZN,2019-09-29,1766,1743.13,4030524,-14.83,-0.8425
AMZN,2019-09-30,1797.7,1819.33,2842646,10.54,0.617
AMZN,2019-10-01,1818,1817.91,3190709,-0.26,-0.015
AMZN,2019-10-02,1747.87,1781.94,3447267,-22.92,-1.2951
AMZN,2019-10-03,1731,1724.87,3798796,11.58,0.6782
AMZN,2019-10-04,1746.45,1811.97,2579167,15.82,0.8941
AMZN,2019-10-05,1746.45,1811.97,2579167,15.82,0.8941
AMZN,2019-10-06,1746.45,1811.97,2579167,15.82,0.8941
AMZN,2019-10-07,1771.64,1812.04,2230299,-7.15,-0.4189
AMZN,2019-10-08,1727.67,1728.7,2636974,-28.48,-1.634
AMZN,2019-10-09,1750.02,1793.72,2130569,17.09,1.0044
AMZN,2019-10-10,1810.98,1740.56,2778093,-1.79,-0.1045
AMZN,2019-10-11,1806.4,1749.88,3419629,11.73,0.6792
AMZN,2019-10-12,1806.4,1749.88,3419629,11.73,0.6792
AMZN,2019-10-13,1806.4,1749.88,3419629,11.73,0.6792
AMZN,2019-10-14,1779.61,1789.49,1956650,4.54,0.2606
AMZN,2019-10-15,1754.28,1850.07,3277935,31.99,1.8563
AMZN,2019-10-16,1785.65,1798.22,2924290,10.16,0.5839
AMZN,2019-10-17,1797.04,1837.83,2721857,10.35,0.5863
AMZN,2019-10-18,1791.4,1794.42,3436043,-30.53,-1.7028
AMZN,2019-10-19,1791.4,1794.42,3436043,-30.53,-1.7028
AMZN,2019-10-20,1791.4,1794.42,3436043,-30.53,-1.7028
AMZN,2019-10-21,1849.15,1817.68,2290923,29.31,1.6668
AMZN,2019-10-22,1871.54,1824.66,2270286,-20.56,-1.1177
AMZN,2019-10-23,1810.9,1764.76,2211330,-3.72,-0.2054
AMZN,2019-10-24,1792.91,1815.95,5386541,19,1.104
AMZN,2019-10-25,1728.52,1796.79,9809676,-20.26,-1.1036
AMZN,2019-10-26,1728.52,1796.79,9809676,-20.26,-1.1036
AMZN,2019-10-27,1728.52,1796.79,9809676,-20.26,-1.1036
AMZN,2019-10-28,1774.42,1802.75,3881642,16.28,0.9123
AMZN,2019-10-29,1775.22,1781.02,2306504,-15.01,-0.8376
AMZN,2019-10-30,1801.24,1839.24,2456517,17.63,0.9837
AMZN,2019-10-31,1811.87,1799.14,2788068,-3.41,-0.1896
AMZN,2019-11-01,1789.32,1832.04,2889438,15.48,0.8609
AMZN,2019-11-02,1789.32,1832.04,2889438,15.48,0.8609
AMZN,2019-11-03,1789.32,1832.04,2889438,15.48,0.8609
AMZN,2019-11-04,1818.63,1838.06,2820273,13.34,0.76
AMZN,2019-11-05,1845.24,1862.73,1928214,-3.02,-0.1715
AMZN,2019-11-06,1861,1873.58,2105375,-6.19,-0.3369
AMZN,2019-11-07,1853.62,1805.8,2774435,-7.77,-0.4316
AMZN,2019-11-08,1806.73,1824.96,2184022,-2.37,-0.1314
AMZN,2019-11-09,1806.73,1824.96,2184022,-2.37,-0.1314
AMZN,2019-11-10,1806.73,1824.96,2184022,-2.37,-0.1314
AMZN,2019-11-11,1802,1779.06,1984309,-14.52,-0.8018
AMZN,2019-11-12,1817.73,1825,2106410,6.64,0.3615
AMZN,2019-11-13,1796.5,1810.93,3055791,-25.57,-1.4247
AMZN,2019-11-14,1759.26,1814.8,2288126,1.53,0.086
AMZN,2019-11-15,1836.35,1814.45,4105115,-15.7,-0.8867
AMZN,2019-11-16,1836.35,1814.45,4105115,-15.7,-0.8867
AMZN,2019-11-17,1836.35,1814.45,4105115,-15.7,-0.8867
AMZN,2019-11-18,1817.2,1781.09,2888930,13.3,0.7505
AMZN,2019-11-19,1768.39,1811.91,2345805,0.27,0.0155
AMZN,2019-11-20,1760.83,1767.31,2805576,-7.31,-0.4338
AMZN,2019-11-21,1751,1779.36,2793985,-10.89,-0.6412
AMZN,2019-11-22,1765.56,1770.84,2485226,11.12,0.6408
AMZN,2019-11-23,1765.56,1770.84,2485226,11.12,0.6408
AMZN,2019-11-24,1765.56,1770.84,2485226,11.12,0.6408
AMZN,2019-11-25,1753.94,1787.24,3550433,28.2,1.6295
AMZN,2019-11-26,1852.32,1866.14,3247220,23.5,1.3381
AMZN,2019-11-27,1844,1895.51,3064932,22.53,1.2112
AMZN,2019-11-28,1844,1895.51,3064932,22.53,1.2112
AMZN,2019-11-29,1881.31,1826.5,1963931,-18.53,-1.0182
AMZN,2019-11-30,1881.31,1826.5,1963931,-18.53,-1.0182
AMZN,2019-12-01,1881.31,1826.5,1963931,-18.53,-1.0182
AMZN,2019-12-02,1831.5,1848.3,4037022,-19.9,-1.1147
AMZN,2019-12-03,1847,1820.69,3595272,-11.72,-0.6729
AMZN,2019-12-04,1776.89,1772.28,2781935,-9.29,-0.5471
AMZN,2019-12-05,1836.4,1792.28,2854158,-20.93,-1.2027
AMZN,2019-12-06,1798.2,1778.8,3162573,11.17,0.6503
AMZN,2019-12-07,1798.2,1778.8,3162573,11.17,0.6503
AMZN,2019-12-08,1798.2,1778.8,3162573,11.17,0.6503
AMZN,2019-12-09,1774.11,1811.52,2536277,-2.19,-0.1244
AMZN,2019-12-10,1828.3,1776.9,2599996,-10.4,-0.5908
AMZN,2019-12-11,1784.98,1788.82,2170324,9.77,0.5722
AMZN,2019-12-12,1763,1792.83,3256656,12.17,0.6929
AMZN,2019-12-13,1781,1839.83,2843661,0.62,0.0348
AMZN,2019-12-14,1781,1839.83,2843661,0.62,0.0348
AMZN,2019-12-15,1781,1839.83,2843661,0.62,0.0348
AMZN,2019-12-16,1777,1811.87,3214032,8.47,0.484
AMZN,2019-12-17,1854.34,1844.77,3673640,21.89,1.2352
AMZN,2019-12-18,1816.69,1815.87,3484088,-6.67,-0.3856
AMZN,2019-12-19,1801.1,1793.15,2804770,8.66,0.4677
AMZN,2019-12-20,1855.07,1831.7,5370162,-5.98,-0.3385
AMZN,2019-12-21,1855.07,1831.7,5370162,-5.98,-0.3385
AMZN,2019-12-22,1855.07,1831.7,5370162,-5.98,-0.3385
AMZN,2019-12-23,1858.02,1867,2209309,6.6,0.3667
AMZN,2019-12-24,1800.49,1866.07,904920,-3.97,-0.214
AMZN,2019-12-25,1800.49,1866.07,904920,-3.97,-0.214
AMZN,2019-12-26,1849.46,1876.76,6197142,81.56,4.6517
AMZN,2019-12-27,1924.21,1908.1,6277545,1.07,0.0571
AMZN,2019-12-28,1924.21,1908.1,6277545,1.07,0.0571
AMZN,2019-12-29,1924.21,1908.1,6277545,1.07,0.0571
AMZN,2019-12-30,1884,1889.34,3847735,-23.01,-1.229
AMZN,2019-12-31,1897,1862.46,2578734,0.97,0.0526
AMZN,2020-01-01,1897,1862.46,2578734,0.97,0.0526
AMZN,2020-01-02,1960,1920,4228040,52.15,2.7259
AMZN,2020-01-03,1887.3,1879.66,3883087,-23.89,-1.2374
AMZN,2020-01-04,1887.3,1879.66,3883087,-23.89,-1.2374
AMZN,2020-01-05,1887.3,1879.66,3883087,-23.89,-1.2374
AMZN,2020-01-06,1913,1991.33,4185648,28.98,1.5188
AMZN,2020-01-07,1998.5,1969.24,4272183,4.16,0.2116
AMZN,2020-01-08,1964.2,1934.96,3576682,-15.01,-0.7895
AMZN,2020-01-09,1975.83,1970.22,3317393,9.42,0.4809
AMZN,2020-01-10,1960.24,1948.53,2890548,-18.76,-0.9622
AMZN,2020-01-11,1960.24,1948.53,2890548,-18.76,-0.9622
AMZN,2020-01-12,1960.24,1948.53,2890548,-18.76,-0.9622
AMZN,2020-01-13,1958.05,1980.4,2831545,8.52,0.4395
AMZN,2020-01-14,1917.31,1916.98,3461292,-22.49,-1.2029
AMZN,2020-01-15,1965.03,1940.8,3023227,-7.76,-0.3975
AMZN,2020-01-16,1889.1,1967.15,2689318,15.94,0.886
AMZN,2020-01-17,1927.47,1946.8,4020630,-13.59,-0.735
AMZN,2020-01-18,1927.47,1946.8,4020630,-13.59,-0.735
AMZN,2020-01-19,1927.47,1946.8,4020630,-13.59,-0.735
AMZN,2020-01-20,1927.47,1946.8,4020630,-13.59,-0.735
AMZN,2020-01-21,1958,1920,3763166,28.01,1.491
AMZN,2020-01-22,1979.6,1900.5,3367619,-4.76,-0.24
AMZN,2020-01-23,1967.13,1969.48,2581794,-3,-0.1598
AMZN,2020-01-24,1955.37,1936.1,3804525,-22.99,-1.2745
AMZN,2020-01-25,1955.37,1936.1,3804525,-22.99,-1.2745
AMZN,2020-01-26,1955.37,1936.1,3804525,-22.99,-1.2745
AMZN,2020-01-27,1870,1839.98,3693299,-34.7,-1.7889
AMZN,2020-01-28,1898.9,1942.18,2902804,25.87,1.4141
AMZN,2020-01-29,1903,1913,2150460,4.89,0.2602
AMZN,2020-01-30,1889,1920.24,6598157,13.26,0.7102
AMZN,2020-01-31,2084.68,2022.51,15688071,144.22,7.4964
AMZN,2020-02-01,2084.68,2022.51,15688071,144.22,7.4964
AMZN,2020-02-02,2084.68,2022.51,15688071,144.22,7.4964
AMZN,2020-02-03,2035.3,2030.8,5970981,-4.66,-0.228
AMZN,2020-02-04,2059.91,2117.3,5409736,47.52,2.2717
AMZN,2020-02-05,2120.31,2092.13,4425731,-10,-0.4864
AMZN,2020-02-06,2079.72,2107.11,3264899,10.43,0.5322
AMZN,2020-02-07,2140.66,2124.6,5161466,29.96,1.461
AMZN,2020-02-08,2140.66,2124.6,5161466,29.96,1.461
AMZN,2020-02-09,2140.66,2124.6,5161466,29.96,1.461
AMZN,2020-02-10,2153.72,2151.67,5215508,55.32,2.67
AMZN,2020-02-11,2248.6,2164.9,5894394,17.65,0.812
AMZN,2020-02-12,2178.5,2256,3452426,9.4,0.4295
AMZN,2020-02-13,2211.89,2226.16,3040584,-10.19,-0.471
AMZN,2020-02-14,2178.47,2236,2620869,-16,-0.7204
AMZN,2020-02-15,2178.47,2236,2620869,-16,-0.7204
AMZN,2020-02-16,2178.47,2236,2620869,-16,-0.7204
AMZN,2020-02-17,2178.47,2236,2620869,-16,-0.7204
AMZN,2020-02-18,2161.55,2211.69,2981824,20.9,1.0117
AMZN,2020-02-19,2191.9,2199.21,2640370,15.15,0.695
AMZN,2020-02-20,2201.33,2153.7,3260826,-17.33,-0.7993
AMZN,2020-02-21,2245.48,2141.11,4764932,-58.16,-2.7262
AMZN,2020-02-22,2245.48,2141.11,4764932,-58.16,-2.7262
AMZN,2020-02-23,2245.48,2141.11,4764932,-58.16,-2.7262
AMZN,2020-02-24,2081.78,2087.49,6833504,-87.93,-4.2244
AMZN,2020-02-25,2104.9,2059.83,6246704,-36.6,-1.9062
AMZN,2020-02-26,2010.45,2053.34,5473524,7.09,0.3542
AMZN,2020-02-27,2012.35,1937.3,8331248,-99.65,-5.0247
AMZN,2020-02-28,1841.34,1895.42,9580853,-0.55,-0.0303
AMZN,2020-02-29,1841.34,1895.42,9580853,-0.55,-0.0303
AMZN,2020-03-01,1841.34,1895.42,9580853,-0.55,-0.0303
AMZN,2020-03-02,1912.62,1967.84,6927556,73.3,3.9058
AMZN,2020-03-03,2036.39,1948.72,7664206,-46.84,-2.316
AMZN,2020-03-04,1982.28,1985.77,4799146,69.11,3.5592
AMZN,2020-03-05,1937,1925.62,4877439,-52.2,-2.6367
AMZN,2020-03-06,1896,1937.86,5496365,-23.16,-1.2327
AMZN,2020-03-07,1896,1937.86,5496365,-23.16,-1.2327
AMZN,2020-03-08,1896,1937.86,5496365,-23.16,-1.2327
AMZN,2020-03-09,1832.18,1804.94,8079320,-104.44,-5.337
AMZN,2020-03-10,1875.02,1930.87,7303623,93.2,5.2193
AMZN,2020-03-11,1874.14,1850.88,5702126,-73.86,-3.7607
AMZN,2020-03-12,1781.92,1737.8,11761730,-149.69,-8.3152
AMZN,2020-03-13,1773,1874,8816892,111.5,6.4798
AMZN,2020-03-14,1773,1874,8816892,111.5,6.4798
AMZN,2020-03-15,1773,1874,8816892,111.5,6.4798
AMZN,2020-03-16,1657.35,1750.89,9056508,-96.89,-5.5722
AMZN,2020-03-17,1856.63,1870.48,11196772,122.64,7.3547
AMZN,2020-03-18,1804,1916,9879227,22.49,1.2416
AMZN,2020-03-19,1895,1925.6,10772205,51.25,2.8945
AMZN,2020-03-20,2018.53,1928.18,10099428,-36.45,-1.8981
AMZN,2020-03-21,2018.53,1928.18,10099428,-36.45,-1.8981
AMZN,2020-03-22,2018.53,1928.18,10099428,-36.45,-1.8981
AMZN,2020-03-23,1860.38,1940.23,8116779,57.47,3.1002
AMZN,2020-03-24,2003.9,2024.1,7352860,38.81,2.0023
AMZN,2020-03-25,1936.85,1909.73,6687083,-56.34,-2.8414
AMZN,2020-03-26,1979,1988.09,6530642,72.16,3.7737
AMZN,2020-03-27,1956.38,1933.2,5506770,-56.34,-2.9235
AMZN,2020-03-28,1956.38,1933.2,5506770,-56.34,-2.9235
AMZN,2020-03-29,1956.38,1933.2,5506770,-56.34,-2.9235
AMZN,2020-03-30,1924.66,2019.24,6229825,65.31,3.3636
AMZN,2020-03-31,1989.22,2040.48,5265498,-14.82,-0.7545
AMZN,2020-04-01,1958.06,1942,4313149,-43.17,-2.2138
AMZN,2020-04-02,1947.14,2014.24,4484942,11.29,0.5885
AMZN,2020-04-03,1966.9,1973.02,3733632,-12.79,-0.6677
AMZN,2020-04-04,1966.9,1973.02,3733632,-12.79,-0.6677
AMZN,2020-04-05,1966.9,1973.02,3733632,-12.79,-0.6677
AMZN,2020-04-06,1997,2079.38,6028230,91,4.8643
AMZN,2020-04-07,2045.08,2056.9,5168194,14.18,0.7195
AMZN,2020-04-08,2030,2051,4025783,32.2,1.5795
AMZN,2020-04-09,2096.1,2043.53,4715801,-0.25,-0.012
AMZN,2020-04-10,2096.1,2043.53,4715801,-0.25,-0.012
AMZN,2020-04-11,2096.1,2043.53,4715801,-0.25,-0.012
AMZN,2020-04-12,2096.1,2043.53,4715801,-0.25,-0.012
AMZN,2020-04-13,2056,2182.69,7000651,129.76,6.1942
AMZN,2020-04-14,2206.96,2343.11,8305193,118.14,5.3817
AMZN,2020-04-15,2323,2316.76,7115301,25.06,1.0893
AMZN,2020-04-16,2405,2467.8,12484359,100.73,4.4006
AMZN,2020-04-17,2385.43,2470,8301322,-34.64,-1.3831
AMZN,2020-04-18,2385.43,2470,8301322,-34.64,-1.3831
AMZN,2020-04-19,2385.43,2470,8301322,-34.64,-1.3831
AMZN,2020-04-20,2393.74,2457.96,5857323,18.61,0.8193
AMZN,2020-04-21,2423.62,2384.18,7616088,-68.36,-2.762
AMZN,2020-04-22,2416,2449.85,4249328,35.64,1.5202
AMZN,2020-04-23,2433.1,2441.13,5225916,37.43,1.5223
AMZN,2020-04-24,2480,2458.82,3915076,10.97,0.4678
AMZN,2020-04-25,2480,2458.82,3915076,10.97,0.4678
AMZN,2020-04-26,2480,2458.82,3915076,10.97,0.4678
AMZN,2020-04-27,2537.5,2387,5859726,-34.78,-1.4219
AMZN,2020-04-28,2446.4,2424.08,5523337,-64.65,-2.6593
AMZN,2020-04-29,2388.39,2418.99,4712288,59.78,2.6002
AMZN,2020-04-30,2460.73,2482,9789653,105.45,4.342
AMZN,2020-05-01,2451.2,2359.12,9849369,-188.28,-7.9582
AMZN,2020-05-02,2451.2,2359.12,9849369,-188.28,-7.9582
